model,mse,params
XGBoost,0.0029650020552008664,"{'max_depth': 9, 'learning_rate': 0.03258042815693765, 'n_estimators': 260, 'subsample': 0.6803569570212946, 'colsample_bytree': 0.7297488638677756, 'reg_lambda': 0.0042678063108704785, 'reg_alpha': 0.002071630693559971}"
LightGBM,0.0030097094610456875,"{'num_leaves': 168, 'learning_rate': 0.05628841190975238, 'n_estimators': 198, 'bagging_fraction': 0.7209744711969754, 'feature_fraction': 0.8756722356372848, 'boosting_type': 'gbdt', 'min_child_samples': 14}"
